Date,Clicks,Impressions,CTR,Position
2025-03-18,0,13,0%,92.5
2025-03-19,1,20,5%,90.6
2025-03-20,0,19,0%,90.5
2025-03-21,0,22,0%,89
2025-03-22,0,14,0%,95.2
2025-03-23,0,15,0%,90.6
2025-03-24,1,19,5.26%,92.5
2025-03-25,0,18,0%,86.6
2025-03-26,0,14,0%,91.9
2025-03-27,0,20,0%,86.6
2025-03-28,0,21,0%,93.8
2025-03-29,0,14,0%,90.4
2025-03-30,0,32,0%,90.6
2025-03-31,0,20,0%,86.4
2025-04-01,0,28,0%,92.5
2025-04-02,1,30,3.33%,92.1
2025-04-03,1,30,3.33%,78.6
2025-04-04,0,30,0%,82.7
2025-04-05,1,35,2.86%,81.4
2025-04-06,0,26,0%,76.4
2025-04-07,0,38,0%,85.8
2025-04-08,0,34,0%,82.5
2025-04-09,0,31,0%,82.7
2025-04-10,0,25,0%,82.9
2025-04-11,0,9,0%,88.9
2025-04-12,0,25,0%,86.2
2025-04-13,0,17,0%,87.8
2025-04-14,0,23,0%,89
2025-04-15,0,12,0%,78.1
2025-04-16,0,28,0%,84.8
2025-04-17,0,26,0%,87.3
2025-04-18,0,25,0%,85
2025-04-19,0,32,0%,85.5
2025-04-20,1,49,2.04%,87.7
2025-04-21,0,24,0%,83.6
2025-04-22,0,30,0%,81.9
2025-04-23,1,27,3.7%,83
2025-04-24,0,26,0%,81.7
2025-04-25,0,22,0%,88.5
2025-04-26,0,33,0%,82
2025-04-27,0,24,0%,86.2
2025-04-28,0,31,0%,86.5
2025-04-29,0,29,0%,84.9
2025-04-30,1,34,2.94%,83.1
2025-05-01,0,41,0%,81.5
2025-05-02,0,23,0%,85.3
2025-05-03,0,31,0%,83.6
2025-05-04,0,43,0%,82.8
2025-05-05,0,36,0%,74.7
2025-05-06,0,35,0%,70.3
2025-05-07,0,53,0%,68.3
2025-05-08,0,66,0%,68.7
2025-05-09,1,39,2.56%,71.3
2025-05-10,0,33,0%,82.2
2025-05-11,0,59,0%,73.7
2025-05-12,0,39,0%,72.6
2025-05-13,1,44,2.27%,70.6
2025-05-14,0,53,0%,72
2025-05-15,0,72,0%,67.4
2025-05-16,0,66,0%,66
2025-05-17,0,52,0%,65.5
2025-05-18,1,57,1.75%,65.2
2025-05-19,2,64,3.12%,69.2
2025-05-20,1,77,1.3%,72.9
2025-05-21,0,50,0%,72.1
2025-05-22,0,35,0%,76
2025-05-23,0,25,0%,77.6
2025-05-24,1,30,3.33%,68.3
2025-05-25,0,17,0%,75.3
2025-05-26,0,15,0%,73.8
2025-05-27,0,47,0%,73.5
2025-05-28,0,32,0%,70.2
2025-05-29,0,8,0%,61.6
2025-05-30,0,29,0%,74.6
2025-05-31,0,14,0%,72.7
2025-06-01,0,27,0%,71
2025-06-02,0,14,0%,69.9
2025-06-03,0,21,0%,74
2025-06-04,0,13,0%,71.8
2025-06-05,0,30,0%,75.7
2025-06-06,0,35,0%,69.2
2025-06-07,0,20,0%,74
2025-06-08,0,26,0%,76.8
2025-06-09,0,18,0%,75.9
2025-06-10,0,11,0%,78.4
2025-06-11,0,22,0%,71.5
2025-06-12,0,14,0%,80.4
2025-06-13,0,25,0%,72.6
2025-06-14,0,103,0%,59.3
2025-06-15,0,241,0%,58.3
2025-06-16,0,130,0%,64.1
2025-06-17,0,39,0%,83.6
2025-06-18,0,43,0%,85.7
2025-06-19,0,37,0%,71.6
2025-06-20,0,48,0%,76.4
2025-06-21,0,36,0%,75.8
2025-06-22,0,21,0%,74
2025-06-23,0,36,0%,79.3
2025-06-24,0,186,0%,67.9
2025-06-25,5,292,1.71%,38.8
2025-06-26,1,256,0.39%,39.2
2025-06-27,0,227,0%,70.9
2025-06-28,1,198,0.51%,69.7
2025-06-29,0,148,0%,72.3
2025-06-30,0,147,0%,72
2025-07-01,0,158,0%,66
2025-07-02,0,127,0%,67.2
2025-07-03,0,37,0%,55.1
2025-07-04,0,17,0%,56.9
2025-07-05,0,19,0%,55.8
2025-07-06,0,26,0%,52
2025-07-07,0,14,0%,62.4
2025-07-08,0,21,0%,50.1
2025-07-09,0,24,0%,53.6
2025-07-10,0,21,0%,49.4
2025-07-11,0,31,0%,61.9
2025-07-12,4,175,2.29%,25.1
2025-07-13,2,116,1.72%,24.8
2025-07-14,0,45,0%,58.5
2025-07-15,0,35,0%,58.3
2025-07-16,0,30,0%,30.5
2025-07-17,0,33,0%,49.5
2025-07-18,0,28,0%,55
2025-07-19,0,25,0%,61.7
2025-07-20,0,50,0%,52.6
2025-07-21,0,24,0%,55.2
2025-07-22,0,34,0%,60.5
2025-07-23,0,27,0%,54.8
2025-07-24,0,27,0%,57.5
2025-07-25,0,23,0%,57.7
2025-07-26,0,46,0%,60.3
2025-07-27,0,31,0%,54.2
2025-07-28,0,48,0%,62.3
2025-07-29,0,44,0%,61.7
2025-07-30,0,40,0%,66.2
2025-07-31,0,43,0%,60.8
2025-08-01,0,38,0%,66.1
2025-08-02,0,18,0%,51.9
2025-08-03,0,26,0%,61.4
2025-08-04,0,28,0%,49.4
2025-08-05,0,21,0%,67.4
2025-08-06,0,27,0%,53.7
2025-08-07,0,23,0%,64.7
2025-08-08,0,27,0%,67.2
2025-08-09,0,32,0%,63.5
2025-08-10,0,40,0%,52.5
2025-08-11,1,29,3.45%,60.2
2025-08-12,0,16,0%,60.9
2025-08-13,0,33,0%,35.5
2025-08-14,0,36,0%,69.2
2025-08-15,0,29,0%,63
2025-08-16,0,23,0%,78
2025-08-17,0,15,0%,74.4
2025-08-18,0,22,0%,87.6
2025-08-19,0,17,0%,81.3
2025-08-20,0,20,0%,69.5
2025-08-21,0,9,0%,82.3
2025-08-22,0,11,0%,83.5
2025-08-23,0,12,0%,89.7
2025-08-24,0,10,0%,91.5
2025-08-25,0,11,0%,90.9
2025-08-26,0,104,0%,66
2025-08-27,0,147,0%,69.3
2025-08-28,1,181,0.55%,63.5
2025-08-29,1,114,0.88%,62.5
2025-08-30,0,132,0%,68.7
2025-08-31,1,110,0.91%,63.8
2025-09-01,1,113,0.88%,69.3
2025-09-02,0,160,0%,57.7
2025-09-03,0,172,0%,61
2025-09-04,1,141,0.71%,53.5
2025-09-05,2,168,1.19%,48.4
2025-09-06,0,167,0%,49.9
2025-09-07,2,176,1.14%,46.8
2025-09-08,0,198,0%,49.6
2025-09-09,0,156,0%,50.9
2025-09-10,4,145,2.76%,38.8
2025-09-11,1,104,0.96%,41.8
2025-09-12,1,50,2%,48.4
2025-09-13,1,78,1.28%,27
2025-09-14,2,55,3.64%,31.3
2025-09-15,0,42,0%,23.5
2025-09-16,3,35,8.57%,15.3
2025-09-17,2,61,3.28%,23.5
2025-09-18,2,59,3.39%,25.7
2025-09-19,0,57,0%,35.9
2025-09-20,1,42,2.38%,12
2025-09-21,2,49,4.08%,17.3
2025-09-22,0,51,0%,28.9
2025-09-23,2,48,4.17%,30.1
2025-09-24,0,56,0%,37
2025-09-25,0,37,0%,24.5
2025-09-26,3,62,4.84%,32.5
2025-09-27,1,55,1.82%,25.9
2025-09-28,1,59,1.69%,35.9
2025-09-29,0,33,0%,24.9
2025-09-30,0,64,0%,34
2025-10-01,1,66,1.52%,38.8
2025-10-02,1,38,2.63%,27.7
2025-10-03,0,41,0%,27.5
2025-10-04,2,46,4.35%,23.8
2025-10-05,2,96,2.08%,23.9
2025-10-06,1,43,2.33%,21
2025-10-07,1,90,1.11%,29.9
2025-10-08,2,59,3.39%,21.1
2025-10-09,1,71,1.41%,15.7
2025-10-10,1,62,1.61%,13.6
2025-10-11,2,54,3.7%,12.2
2025-10-12,1,70,1.43%,22.3
2025-10-13,1,76,1.32%,16.8
2025-10-14,0,77,0%,22.6
2025-10-15,2,70,2.86%,20.9
2025-10-16,1,74,1.35%,22.6
2025-10-17,2,89,2.25%,21.6
2025-10-18,4,71,5.63%,13.1
2025-10-19,1,75,1.33%,19.6
2025-10-20,7,64,10.94%,16.2
2025-10-21,4,59,6.78%,20.2
2025-10-22,1,58,1.72%,18.2
2025-10-23,2,64,3.12%,21.2
2025-10-24,3,103,2.91%,25.9
2025-10-25,1,48,2.08%,17.5
2025-10-26,0,58,0%,20.9
2025-10-27,1,60,1.67%,16
2025-10-28,4,89,4.49%,18
2025-10-29,3,70,4.29%,12.2
2025-10-30,2,68,2.94%,21.9
2025-10-31,1,69,1.45%,26.1
2025-11-01,3,69,4.35%,15.2
2025-11-02,5,72,6.94%,21.5
2025-11-03,6,70,8.57%,18.4
2025-11-04,3,76,3.95%,20.6
2025-11-05,4,62,6.45%,12
2025-11-06,1,87,1.15%,17.3
2025-11-07,5,79,6.33%,14.8
2025-11-08,0,90,0%,17.6
2025-11-09,6,95,6.32%,14.1
2025-11-10,3,70,4.29%,19.4
2025-11-11,7,110,6.36%,20.2
2025-11-12,1,80,1.25%,21.7
2025-11-13,2,63,3.17%,23.4
2025-11-14,5,118,4.24%,17.6
2025-11-15,1,96,1.04%,22.5
2025-11-16,3,168,1.79%,16.9
2025-11-17,5,129,3.88%,24.4
2025-11-18,5,142,3.52%,21.7
2025-11-19,1,107,0.93%,29.5
2025-11-20,7,150,4.67%,19.1
2025-11-21,5,107,4.67%,26.9
2025-11-22,3,132,2.27%,25
2025-11-23,1,151,0.66%,27.5
2025-11-24,5,159,3.14%,27.1
2025-11-25,4,133,3.01%,22.9
2025-11-26,9,160,5.62%,23.4
2025-11-27,6,148,4.05%,21.7
2025-11-28,8,141,5.67%,16
2025-11-29,7,186,3.76%,15.3
2025-11-30,7,156,4.49%,27.8
2025-12-01,1,133,0.75%,23.4
2025-12-02,5,130,3.85%,16.4
2025-12-03,3,101,2.97%,16.3
2025-12-04,2,147,1.36%,19.3
2025-12-05,9,121,7.44%,17.7
2025-12-06,5,134,3.73%,15.2
2025-12-07,5,132,3.79%,21.2
2025-12-08,4,133,3.01%,20.2
2025-12-09,6,135,4.44%,24.6
2025-12-10,3,96,3.12%,17.7
2025-12-11,8,102,7.84%,16.5
2025-12-12,3,106,2.83%,14.5
2025-12-13,2,53,3.77%,22.7
2025-12-14,2,62,3.23%,30.8
2025-12-15,1,51,1.96%,23.4
2025-12-16,3,35,8.57%,22.2
2025-12-17,2,30,6.67%,26.3
2025-12-18,3,39,7.69%,21.5
2025-12-19,1,40,2.5%,25.5
2025-12-20,3,96,3.12%,31.3
2025-12-21,3,79,3.8%,30.9
2025-12-22,3,62,4.84%,30.4
2025-12-23,1,63,1.59%,37
2025-12-24,0,58,0%,36.6
2025-12-25,0,58,0%,30.8
2025-12-26,1,75,1.33%,36
2025-12-27,1,97,1.03%,35
2025-12-28,3,81,3.7%,23.8
2025-12-29,1,67,1.49%,42.3
2025-12-30,3,101,2.97%,30.5
2025-12-31,3,54,5.56%,37
2026-01-01,3,42,7.14%,36.6
2026-01-02,0,68,0%,24.9
2026-01-03,2,49,4.08%,27.7
2026-01-04,2,74,2.7%,34.3
2026-01-05,1,76,1.32%,28.4
2026-01-06,1,51,1.96%,20.9
2026-01-07,2,64,3.12%,31.5
2026-01-08,1,52,1.92%,17.8
2026-01-09,2,47,4.26%,24.5
2026-01-10,1,75,1.33%,28.8
2026-01-11,2,72,2.78%,34.9
2026-01-12,1,47,2.13%,21
2026-01-13,4,70,5.71%,20.6
2026-01-14,0,47,0%,22
2026-01-15,2,56,3.57%,25
2026-01-16,0,51,0%,28.3
2026-01-17,3,74,4.05%,25.3
2026-01-18,2,81,2.47%,32.4
2026-01-19,1,92,1.09%,38.3
2026-01-20,3,77,3.9%,29
2026-01-21,1,99,1.01%,30.9
2026-01-22,1,78,1.28%,31.1
2026-01-23,3,59,5.08%,27.8
2026-01-24,1,86,1.16%,29
2026-01-25,5,91,5.49%,31.1
2026-01-26,3,70,4.29%,27.6
2026-01-27,1,70,1.43%,30
2026-01-28,6,116,5.17%,29.8
2026-01-29,0,60,0%,27.1
2026-01-30,1,60,1.67%,24.1
2026-01-31,1,105,0.95%,29.8
2026-02-01,4,90,4.44%,27.5
2026-02-02,1,89,1.12%,33.9
2026-02-03,2,77,2.6%,38.1
2026-02-04,2,107,1.87%,33.6
2026-02-05,1,53,1.89%,29
2026-02-06,1,62,1.61%,23.5
2026-02-07,2,73,2.74%,29.9
2026-02-08,1,52,1.92%,20.4
2026-02-09,2,59,3.39%,19.4
2026-02-10,0,62,0%,19.8
2026-02-11,0,48,0%,12.3
2026-02-12,2,66,3.03%,17.2
2026-02-13,1,71,1.41%,26.2
2026-02-14,2,55,3.64%,17.2
2026-02-15,1,70,1.43%,13.1
2026-02-16,5,95,5.26%,18.8
2026-02-17,4,86,4.65%,19.6
2026-02-18,2,78,2.56%,27.4
2026-02-19,0,87,0%,18.2
2026-02-20,0,66,0%,19
2026-02-21,4,111,3.6%,23.3
2026-02-22,6,70,8.57%,18.1
2026-02-23,1,82,1.22%,26.3
2026-02-24,1,74,1.35%,28.2
2026-02-25,1,68,1.47%,20.6
2026-02-26,2,96,2.08%,22.9
2026-02-27,1,85,1.18%,18.8
2026-02-28,2,92,2.17%,24.8
2026-03-01,4,66,6.06%,13.6
2026-03-02,2,85,2.35%,25.2
2026-03-03,1,77,1.3%,28.8
2026-03-04,1,80,1.25%,26.1
2026-03-05,1,108,0.93%,33
2026-03-06,4,101,3.96%,28.8
2026-03-07,3,76,3.95%,29.3
2026-03-08,4,61,6.56%,17.7
2026-03-09,1,72,1.39%,31.7
2026-03-10,1,65,1.54%,35
2026-03-11,2,68,2.94%,31.9
2026-03-12,6,73,8.22%,27.6
2026-03-13,1,55,1.82%,27.6
2026-03-14,2,62,3.23%,47.1
2026-03-15,0,80,0%,41.3
2026-03-16,0,83,0%,37.3
2026-03-17,2,104,1.92%,42.8
2026-03-18,0,73,0%,27.4
2026-03-19,4,119,3.36%,30.5
2026-03-20,2,110,1.82%,31.2
2026-03-21,0,105,0%,32.1
2026-03-22,1,142,0.7%,37.3
2026-03-23,2,68,2.94%,30.1
2026-03-24,4,56,7.14%,26
2026-03-25,0,10,0%,54.3
2026-03-26,1,18,5.56%,47.7
2026-03-27,0,19,0%,37.8
2026-03-28,0,25,0%,52.8
2026-03-29,0,3,0%,4.7
2026-03-30,0,10,0%,42.9
2026-03-31,0,15,0%,48.8
2026-04-01,0,9,0%,32
2026-04-02,1,7,14.29%,41.4
2026-04-03,0,5,0%,20.4
2026-04-04,2,11,18.18%,40
2026-04-05,1,8,12.5%,33.8
2026-04-06,1,11,9.09%,18.8
2026-04-07,0,7,0%,9.4
2026-04-08,0,1,0%,3
2026-04-09,0,7,0%,11.4
2026-04-10,0,9,0%,52.7
2026-04-11,0,19,0%,54.1
2026-04-12,1,30,3.33%,45.6
2026-04-13,0,7,0%,40.7
2026-04-14,1,14,7.14%,35.9
2026-04-15,0,9,0%,52.3
2026-04-16,0,18,0%,38.6
2026-04-17,0,36,0%,65.5
2026-04-18,0,16,0%,27.2
2026-04-19,0,19,0%,62.4
2026-04-20,1,14,7.14%,18
2026-04-21,1,14,7.14%,29.1
2026-04-22,0,12,0%,40
2026-04-23,0,5,0%,9.8
2026-04-24,0,12,0%,31.6
2026-04-25,0,13,0%,23.4
2026-04-26,0,8,0%,35.4
2026-04-27,0,10,0%,33.1
2026-04-28,1,7,14.29%,24.6
2026-04-29,0,2,0%,9
2026-04-30,0,12,0%,27.1
2026-05-01,0,6,0%,8.7
2026-05-02,1,10,10%,22.8
2026-05-03,0,17,0%,20
2026-05-04,1,8,12.5%,4.2
2026-05-05,2,18,11.11%,39.3
2026-05-06,2,11,18.18%,31.6
2026-05-07,0,10,0%,22.9
2026-05-08,0,6,0%,8.3
2026-05-09,0,9,0%,24.9
2026-05-10,0,16,0%,53.9
2026-05-11,0,10,0%,32.5
2026-05-12,0,13,0%,30.7
2026-05-13,0,12,0%,30.2
2026-05-14,0,7,0%,50.6
2026-05-15,0,14,0%,76.6
2026-05-16,0,16,0%,55.4
2026-05-17,0,28,0%,66.4
2026-05-18,0,31,0%,64.1
2026-05-19,1,17,5.88%,72.1
2026-05-20,0,25,0%,59.1
2026-05-21,0,13,0%,83.7
2026-05-22,0,20,0%,69.3
2026-05-23,0,45,0%,69.9
2026-05-24,0,42,0%,67.7
2026-05-25,0,25,0%,71.2
2026-05-26,0,35,0%,78.4
2026-05-27,0,38,0%,68
2026-05-28,0,39,0%,59
2026-05-29,0,31,0%,70.8
2026-05-30,0,49,0%,76.9
2026-05-31,1,41,2.44%,76.2
2026-06-01,0,10,0%,76.4
2026-06-02,0,11,0%,62.3
2026-06-03,0,22,0%,70.5
2026-06-04,0,15,0%,49.5
2026-06-05,0,24,0%,78.1
2026-06-06,0,18,0%,69.2
2026-06-07,0,15,0%,63.8
2026-06-08,0,4,0%,68.2
2026-06-09,0,2,0%,51
2026-06-10,0,11,0%,56.1
2026-06-11,0,5,0%,66.6
2026-06-12,0,12,0%,81.9
2026-06-13,0,15,0%,83.7
2026-06-14,0,7,0%,63.9
2026-06-15,0,7,0%,80
2026-06-16,0,4,0%,84.5
2026-06-17,0,17,0%,73.8
2026-06-18,0,27,0%,62.5
2026-06-19,0,16,0%,62
2026-06-20,0,16,0%,101.1
2026-06-21,0,23,0%,87.8
2026-06-22,0,21,0%,105.9
2026-06-23,0,21,0%,101
2026-06-24,0,42,0%,77.6
2026-06-25,0,20,0%,77.3
2026-06-26,0,21,0%,112.5
2026-06-27,0,26,0%,83.8
2026-06-28,0,42,0%,92.2
2026-06-29,0,28,0%,80.2
2026-06-30,0,29,0%,107
2026-07-01,0,20,0%,130.4
2026-07-02,0,14,0%,147.3
2026-07-03,0,29,0%,96
2026-07-04,0,26,0%,139.7
2026-07-05,0,36,0%,147.9
2026-07-06,0,21,0%,179
2026-07-07,0,29,0%,155
2026-07-08,0,23,0%,155.4
2026-07-09,0,23,0%,154.2
2026-07-10,0,45,0%,113.8
2026-07-11,0,27,0%,168.6
2026-07-12,0,43,0%,153
2026-07-13,0,42,0%,192.3
2026-07-14,0,52,0%,182.7
2026-07-15,0,48,0%,155.7
2026-07-16,0,32,0%,182.1
2026-07-17,0,33,0%,186.1