Top pages,Clicks,Impressions,CTR,Position
https://congoafricangreys.com/,286,15755,1.82%,49.1
https://congoafricangreys.com/product/african-grey-parrots-for-sale-near-me/,54,722,7.48%,41.41
https://congoafricangreys.com/product/african-grey-parrot-for-sale-florida/,42,1465,2.87%,21.69
https://congoafricangreys.com/product/buy-intelligent-african-grey-for-sale-ca/,34,1570,2.17%,14.07
https://congoafricangreys.com/product/african-grey-breeding-pair-for-sale-nearby/,22,668,3.29%,10.11
https://congoafricangreys.com/buy-african-grey-parrots-with-shipping/,18,789,2.28%,15.28
https://congoafricangreys.com/male-vs-female-african-grey-parrots-for-sale/,13,1818,0.72%,21.37
https://congoafricangreys.com/product-category/buy-male-african-gray-birds-for-sale-nyc-ny/,12,398,3.02%,40.24
https://congoafricangreys.com/product/african-grey-parrot-bird-eggs-for-sale-usa/,8,580,1.38%,65.8
https://congoafricangreys.com/product/african-grey-parrot-for-sale-ohio/,5,599,0.83%,23.43
https://congoafricangreys.com/contact-us/,4,697,0.57%,30.98
https://congoafricangreys.com/product/congo-african-grey-parrot-pair-for-sale/,4,297,1.35%,31.27
https://congoafricangreys.com/product-category/buy-female-grey-african-parrots-colorado/,2,435,0.46%,70.28
https://congoafricangreys.com/african-grey-parrot-bird-eggs-for-sale-usa/,2,165,1.21%,67.47
https://congoafricangreys.com/african-grey-breeding-pair-for-sale-nearby/,2,75,2.67%,15.36
https://congoafricangreys.com/best-african-grey-parrot-food/,1,2809,0.04%,49.35
https://congoafricangreys.com/trusted-african-grey-parrot-breeders-tacoma/,1,532,0.19%,48.82
https://congoafricangreys.com/product/affordable-african-grey-birds-for-sale/,1,431,0.23%,64.71
https://congoafricangreys.com/secure-african-grey-parrot-purchase/,1,312,0.32%,5.8
https://congoafricangreys.com/african-grey-parrot-for-sale-florida/,1,287,0.35%,11.23
https://congoafricangreys.com/affordable-african-grey-birds-for-sale/,1,242,0.41%,13.29
https://congoafricangreys.com/african-greys-for-sale-with-health-guarantee/,1,91,1.1%,10.99
https://congoafricangreys.com/male-african-gray-for-sale/,1,22,4.55%,7.91
https://congoafricangreys.com/grey-african-parrots-for-sale/,1,13,7.69%,5.38
https://congoafricangreys.com/congo-african-grey-parrot-pair-for-sale/,1,8,12.5%,5.62
https://congoafricangreys.com/african-grey-breeding-pair-for-sale/,1,7,14.29%,13.71
https://congoafricangreys.com/trusted-african-grey-parrot-breeders-dna-certified/,1,4,25%,6
https://congoafricangreys.com/african-grey-parrot-for-sale-in-california/?gQT=1,1,2,50%,1
https://congoafricangreys.com/african-grey-parrot-bird-eggs-for-sale-usa/?gQT=0,1,1,100%,1
https://congoafricangreys.com/african-grey-parrots-return-policy/,0,345,0%,6.81
https://congoafricangreys.com/trusted-african-grey-parrot-breeders/,0,333,0%,7.05
https://congoafricangreys.com/#why-choose-an-african-grey-parrot,0,198,0%,6.83
https://congoafricangreys.com/male-african-gray-for-sale-chicago-il/,0,187,0%,25.96
https://congoafricangreys.com/#how-to-care-for-your-african-grey-parrot,0,160,0%,7.12
https://congoafricangreys.com/testimonials/,0,129,0%,10.78
https://congoafricangreys.com/#shop-new-arrivals,0,125,0%,7.62
https://congoafricangreys.com/where-to-buy-african-greys-near-me/,0,109,0%,8.74
https://congoafricangreys.com/#health-common-conditions-of-african-grey-parrots,0,62,0%,8.03
https://congoafricangreys.com/#nationwide-shipping-safe-reliable-delivery,0,61,0%,8
https://congoafricangreys.com/male-vs-female-african-grey-parrots-for-sale/#male-vs-female-african-grey-parrots-key-differences-how-to-identify-them,0,45,0%,10.69
https://congoafricangreys.com/male-vs-female-african-grey-parrots-for-sale/#how-do-male-and-female-african-grey-parrots-differ-in-behavior,0,42,0%,10.55
https://congoafricangreys.com/african-grey-parrots-for-sale-near-me/,0,42,0%,64.9
https://congoafricangreys.com/african-grey-parrot-guide/,0,40,0%,86.97
https://congoafricangreys.com/male-vs-female-african-grey-parrots-for-sale/#1-%EF%B8%8F-male-vs-female-african-grey-parrots-whats-the-difference,0,37,0%,10.57
https://congoafricangreys.com/male-vs-female-african-grey-parrots-for-sale/#1-physical-differences-between-male-and-female-african-grey-parrots,0,36,0%,10.92
https://congoafricangreys.com/#committed-to-a-greener-lifestyle,0,34,0%,9.29
https://congoafricangreys.com/#reviews-african-grey-parrots,0,34,0%,9.29
https://congoafricangreys.com/male-vs-female-african-grey-parrots-for-sale/#2-behavioral-differences-between-male-and-female-african-grey-parrots,0,32,0%,11.03
https://congoafricangreys.com/male-vs-female-african-grey-parrots-for-sale/#3-vocalization-speech-ability-which-gender-talks-more,0,32,0%,11.03
https://congoafricangreys.com/male-vs-female-african-grey-parrots-for-sale/#4-breeding-nesting-differences-between-male-and-female-african-greys,0,32,0%,11.03
https://congoafricangreys.com/african-grey-parrot-for-sale-in-arizona/,0,31,0%,13.19
https://congoafricangreys.com/african-grey-reviews/,0,20,0%,6.3
https://congoafricangreys.com/african-grey-comparison/,0,15,0%,6.73
https://congoafricangreys.com/how-to-avoid-african-grey-parrot-scams/,0,15,0%,22.93
https://congoafricangreys.com/african-grey-vs-macaw/,0,14,0%,7.43
https://congoafricangreys.com/female-african-greys-for-sale-scottsdale-az/,0,14,0%,22.07
https://congoafricangreys.com/african-grey-care/,0,14,0%,109.71
https://congoafricangreys.com/african-grey-parrots-for-sale/,0,13,0%,6.23
https://congoafricangreys.com/african-grey-vs-cockatoo/,0,13,0%,7.38
https://congoafricangreys.com/african-gray-birds-for-sale/,0,13,0%,7.85
https://congoafricangreys.com/buy-intelligent-african-grey-for-sale-ca/,0,13,0%,40.31
https://congoafricangreys.com/african-grey-parrot-for-sale-houston/,0,13,0%,63.08
https://congoafricangreys.com/african-gray-parrots-for-sale-near-me/,0,12,0%,29.5
https://congoafricangreys.com/blog/,0,11,0%,3.55
https://congoafricangreys.com/african-grey-vs-amazon-parrot/,0,10,0%,6.7
https://congoafricangreys.com/congo-vs-timneh-african-grey/,0,10,0%,7.6
https://congoafricangreys.com/product/mike/,0,9,0%,3.56
https://congoafricangreys.com/privacy-policy/,0,9,0%,6.89
https://congoafricangreys.com/african-grey-parrot-for-sale/,0,9,0%,7.11
https://congoafricangreys.com/african-grey-parrot-for-sale-in-california/,0,9,0%,7.67
https://congoafricangreys.com/wp-content/uploads/male-vs-female-african-grey-parrots-for-sale-family-choice.jpg,0,9,0%,21
https://congoafricangreys.com/african-grey-parrot-care-guide/,0,9,0%,60.22
https://congoafricangreys.com/thank-you/,0,8,0%,4
https://congoafricangreys.com/available/,0,7,0%,2.14
https://congoafricangreys.com/african-grey-pros-and-cons/,0,7,0%,6.71
https://congoafricangreys.com/blog/african-grey-parrot-training/,0,7,0%,62.71
https://congoafricangreys.com/texas-parrot-for-sale-african-grey/,0,6,0%,6.33
https://congoafricangreys.com/african-grey-parrot-for-sale-texas/,0,6,0%,6.83
https://congoafricangreys.com/african-grey-adoption/,0,6,0%,7.83
https://congoafricangreys.com/available/jins-jeni/,0,6,0%,9.33
https://congoafricangreys.com/how-to-tame-african-grey-parrot/,0,6,0%,52.33
https://congoafricangreys.com/african-grey-parrot-diet/,0,6,0%,130.33
https://congoafricangreys.com/case-studies/,0,5,0%,2.2
https://congoafricangreys.com/african-grey-parrot-for-sale-chicago/,0,5,0%,6.2
https://congoafricangreys.com/african-grey-parrot-for-sale-ohio/,0,5,0%,18
https://congoafricangreys.com/wp-content/uploads/african-grey-parrot-bird-eggs-for-sale-candled.jpg,0,4,0%,18.5
https://congoafricangreys.com/product/pink/,0,3,0%,3
https://congoafricangreys.com/african-grey-parrot-eggs-for-sale-near-you/,0,3,0%,3.67
https://congoafricangreys.com/available/bery/,0,3,0%,5
https://congoafricangreys.com/african-grey-parrot-price/,0,3,0%,5.67
https://congoafricangreys.com/african-grey-parrot-breeders-comparison/,0,3,0%,7
https://congoafricangreys.com/african-grey-parrot-for-sale-tampa/,0,3,0%,7
https://congoafricangreys.com/available/elad/,0,3,0%,7
https://congoafricangreys.com/available/evie/,0,3,0%,8
https://congoafricangreys.com/wp-content/uploads/bonded-african-grey-pair-for-sale-local.jpg,0,3,0%,13
https://congoafricangreys.com/buy-male-african-gray-birds-for-sale-nyc-ny/,0,3,0%,37
https://congoafricangreys.com/cites-african-grey-documentation/,0,3,0%,37
https://congoafricangreys.com/african-grey-parrot-eggs-for-sale-near-you/?gQT=1,0,2,0%,3.5
https://congoafricangreys.com/available/roys/,0,2,0%,5
https://congoafricangreys.com/african-grey-parrot-health-guarantee/,0,2,0%,6.5
https://congoafricangreys.com/buy-african-grey-parrot-near-me/,0,2,0%,6.5
https://congoafricangreys.com/african-grey-parrot-faq/,0,2,0%,9.5
https://congoafricangreys.com/captive-bred-african-grey-parrot/,0,2,0%,9.5
https://congoafricangreys.com/african-grey-parrot-for-sale-los-angeles/,0,2,0%,10
https://congoafricangreys.com/female-african-greys-for-sale/,0,2,0%,37
https://congoafricangreys.com/african-grey-parrot-for-sale-bay-area/,0,1,0%,2
https://congoafricangreys.com/trained-bird-african-grey-parrot-for-sale/,0,1,0%,3
https://congoafricangreys.com/available/amie/,0,1,0%,4
https://congoafricangreys.com/wp-content/uploads/african-grey-breeding-pair-sale-nearby-cage.jpg,0,1,0%,4
https://congoafricangreys.com/african-grey-parrot-for-sale-massachusetts/,0,1,0%,5
https://congoafricangreys.com/blog/african-grey-parrot-price-what-you-get/,0,1,0%,5
https://congoafricangreys.com/african-grey-parrot-lifespan/,0,1,0%,6
https://congoafricangreys.com/african-grey-parrot-for-sale-missouri/,0,1,0%,8
https://congoafricangreys.com/berry/,0,1,0%,8
https://congoafricangreys.com/african-grey-for-sale/,0,1,0%,9
https://congoafricangreys.com/african-grey-parrot-for-sale-miami/,0,1,0%,9
https://congoafricangreys.com/african-grey-parrot-for-sale-orlando/,0,1,0%,9
https://congoafricangreys.com/african-grey-parrot-for-sale-austin/,0,1,0%,10
https://congoafricangreys.com/baby-african-grey-parrot-for-sale/,0,1,0%,11
https://congoafricangreys.com/congo-african-grey-for-sale/,0,1,0%,11
https://congoafricangreys.com/timneh-african-grey-for-sale/,0,1,0%,11
https://congoafricangreys.com/wp-content/uploads/breeder-congo-grey-pair-habitat.jpg,0,1,0%,25
https://congoafricangreys.com/blog/african-grey-parrot-cage-setup/,0,1,0%,28
https://congoafricangreys.com/hand-raised-african-grey-parrot-for-sale/,0,1,0%,71