Top queries,Clicks,Impressions,CTR,Position
african grey congo for sale,50,458,10.92%,13.48
congo african grey for sale,38,612,6.21%,16.27
african grey parrot for sale,12,718,1.67%,72.14
congo african grey parrot for sale,11,233,4.72%,21.22
breeding pair of african greys for sale,10,169,5.92%,9.01
african grey breeding pair for sale,7,156,4.49%,7.14
congo grey parrot for sale,5,108,4.63%,35.94
african gray parrot for sale near me,5,39,12.82%,9.56
african grey parrots for sale,4,533,0.75%,73.71
congo african grey parrots for sale,4,59,6.78%,15.9
african grey for sale near me,3,31,9.68%,23.35
african grey for sale,2,541,0.37%,61.59
african gray for sale,2,448,0.45%,57.31
african grey breeders,2,103,1.94%,71.85
african grey for sale los angeles,2,98,2.04%,20.3
african grey for sale in florida,2,97,2.06%,14.88
african grey parrot breeding pair for sale,2,39,5.13%,8.69
congo gray parrot for sale,2,29,6.9%,40.52
african grey breeding pair,2,26,7.69%,20.54
african gray parrots for sale near me,2,12,16.67%,12.08
african grey for sale $200 near me,2,9,22.22%,17.89
african grey sale,1,1723,0.06%,63.37
african gray parrot for sale,1,237,0.42%,72.18
african greys for sale,1,216,0.46%,60.25
african grey parrot breeders,1,67,1.49%,67.06
african grey parrot for sale california,1,64,1.56%,13.22
breeding pair african greys for sale,1,62,1.61%,5.21
african greys for sale near me,1,21,4.76%,26
buy african gray parrot,1,18,5.56%,55.89
african grey male vs female,1,15,6.67%,35.47
african grey parrot for sale houston,1,15,6.67%,68.53
african grey gender differences,1,12,8.33%,11
african grey near me,1,12,8.33%,22.33
fertile exotic bird eggs for sale,1,12,8.33%,76.67
african grey parrot for sale usa,1,11,9.09%,38.36
difference between male and female african grey parrot,1,8,12.5%,26
african grey parrot near me for sale,1,8,12.5%,33.12
african grey breeder near me,1,6,16.67%,32.17
parrot eggs for sale,1,6,16.67%,94
african grey bird for sale near me,1,3,33.33%,5.33
fertile parrot eggs for sale near me,1,3,33.33%,76.33
african gray parrot near me,1,2,50%,6.5
parrot cost,1,1,100%,1
african grey parrot female vs male,1,1,100%,15
african grey parrot food,0,363,0%,47.99
african grey parrots for sale texas,0,154,0%,78.5
african grey food,0,134,0%,65.33
best african grey breeds for digital nomads,0,121,0%,231.04
african gray birds for sale,0,116,0%,66.15
parrot african grey for sale,0,114,0%,64.11
african grey diet,0,111,0%,70.67
african grey parrot treats,0,106,0%,44.2
african grey sale africangreyparrots.store,0,102,0%,90.96
african grey parrot diet,0,97,0%,68.2
african gray congo for sale,0,82,0%,31.52
african gray parrots for sale,0,81,0%,66.51
congo african grey price,0,80,0%,46.59
african grey parrot for sale florida,0,79,0%,17.73
african grey for sale california,0,79,0%,21.86
grey parrot diet,0,76,0%,68.3
grey parrot for sale,0,74,0%,74.36
congo african grey parrot price,0,71,0%,45.2
african parrot for sale,0,70,0%,64.81
african grey parrots for sale in usa,0,66,0%,28.2
food for african gray parrot,0,65,0%,69.49
what do african grey parrots eat,0,61,0%,66.93
congo grey parrot price,0,61,0%,74.48
african grey parrot for sale ohio,0,60,0%,24.97
african grey for sale $200,0,60,0%,48
african grey parrots sale,0,60,0%,56.7
african grey birds for sale,0,60,0%,67.58
gray parrot for sale,0,58,0%,74.43
african grey parrot sale,0,57,0%,78.04
best african grey breeds for entrepreneurs,0,55,0%,234.49
african grey parrot for sale near me,0,54,0%,18.89
african grey parrot for sale texas,0,52,0%,27.62
for sale african grey,0,52,0%,61.25
african grey breeder,0,52,0%,68.6
african grey for sale florida,0,49,0%,22.22
african grays for sale,0,47,0%,56.87
parrots african grey for sale,0,47,0%,62.68
female african grey parrot for sale,0,45,0%,38.91
african gray bird for sale,0,45,0%,72.71
african grey parrot price in india,0,43,0%,1
african grey pellet food,0,43,0%,52.77
best food for african grey parrot,0,42,0%,69.12
african grey bird for sale,0,42,0%,75.9
african gray breeders,0,41,0%,63.02
african grey parrot egg price,0,41,0%,91
bird african grey for sale,0,39,0%,51.92
grey african parrot for sale,0,39,0%,76.21
african grey male vs female behavior,0,38,0%,12.08
gray parrots for sale,0,36,0%,68.86
african grey parrots sale ohio,0,35,0%,19.31
best african grey parrot food,0,35,0%,61.2
grey african parrots for sale,0,35,0%,73.86
african gray parrot diet,0,34,0%,67.29
buy african grey,0,34,0%,78.26
parrots for sale african grey,0,33,0%,44.67
birds for sale african grey,0,32,0%,42.62
african grey for sale in california,0,32,0%,48.16
african gray diet,0,32,0%,64.69
buy african grey parrot,0,32,0%,69.53
african grey parrot breeder,0,32,0%,74.22
african grey parrot price,0,32,0%,74.66
best african grey breeds for bartenders,0,32,0%,234.75
african grey parrot for sale los angeles,0,31,0%,23.58
baby african grey parrot for sale in california,0,30,0%,25.13
parrot grey for sale,0,30,0%,53.2
african gray food,0,30,0%,59.17
where to buy an african grey,0,30,0%,63.67
african grey pair for sale,0,29,0%,16.76
female african grey for sale,0,29,0%,44.21
how to sex a african grey parrot,0,29,0%,44.41
buy an african grey parrot,0,29,0%,53.97
talking african grey parrot for sale,0,29,0%,69.21
african parrots for sale,0,29,0%,82.79
which is better male or female african grey parrot?,0,28,0%,25.36
how to sex an african grey parrot,0,28,0%,43.11
african grey for sale miami,0,28,0%,43.43
african grey parrot pellet food,0,28,0%,49.89
african gray bird price,0,28,0%,64.25
grey parrots for sale,0,28,0%,73.89
congo african grey parrot,0,28,0%,78
african gray parrot eggs price,0,28,0%,92.43
african grey parrot near me,0,27,0%,12.26
african grey parrot birds for sale,0,27,0%,58.22
african grey parrot to buy,0,27,0%,66.11
african grey parrot food list,0,27,0%,75.22
gray african parrot for sale,0,27,0%,79.41
african grey parrot for sale in usa,0,26,0%,44.04
african grey treats,0,26,0%,61.65
african grey parrot for sale nyc,0,25,0%,26.96
grey parrot food,0,25,0%,54.72
buy african gray,0,25,0%,68.16
cheap african grey parrots for sale,0,25,0%,78.32
where can i buy an african grey parrot,0,24,0%,34.62
how do you sex an african grey parrot,0,24,0%,43.17
jako parrot for sale,0,24,0%,65.71
african gray parrot breeders,0,24,0%,73.58
african grey parrot for sale in florida,0,23,0%,16.65
congo african grey for sale near me,0,23,0%,51.87
food for african grey parrot,0,23,0%,56.65
african grey parrot chicks for sale,0,22,0%,39.05
how to sex african grey parrots,0,22,0%,42.05
best food for african grey,0,22,0%,60.09
african grey parrot feed,0,22,0%,79.23
timneh grey parrot for sale,0,22,0%,83.68
best african grey breeds for baristas,0,22,0%,223.68
where to buy an african grey parrot,0,21,0%,48.05
female african grey,0,21,0%,64.86
purchase african grey parrot,0,21,0%,68.29
african grey parrot for sale by owner,0,20,0%,40.75
african parrot food,0,20,0%,57.35
african grey breeders near me,0,19,0%,33.26
african gray parrot food,0,19,0%,58.84
african grey food list,0,19,0%,59.63
african grey price,0,19,0%,60.37
african grey parrot best food,0,18,0%,40.28
congo african grey birds for sale,0,18,0%,44.94
african grey congo price,0,18,0%,46.28
best african grey parrot food for sale,0,18,0%,47.89
what can african greys eat,0,18,0%,54.61
african grey food diet,0,18,0%,57.44
african grey parrot for adoption,0,18,0%,84.17
african grey parrots for sale near me,0,17,0%,22
where can i buy a african grey parrot,0,17,0%,33.35
african grey for sale ohio,0,17,0%,45.35
what vegetables can african greys eat,0,17,0%,59.47
african grey pellets,0,17,0%,59.76
african grey eggs for sale near me,0,17,0%,60.88
african grays for sale near me,0,17,0%,66.35
african grey parrot buy,0,17,0%,71.71
congo african grey breeders,0,17,0%,71.71
where to buy african grey parrot,0,17,0%,75.53
buy african parrot,0,17,0%,79.94
african grey bird breeders,0,17,0%,83.06
fertilized african grey eggs for sale,0,17,0%,88.82
african grey parrot eggs for sale,0,17,0%,91.12
best african grey breeds for small business,0,17,0%,283.12
breeding african grey parrots for sale,0,16,0%,32.62
foods for african grey parrots,0,16,0%,55.69
buy african grey parrot online,0,16,0%,61.31
what do african gray parrots eat,0,16,0%,64.5
african grey parrot for sale miami,0,16,0%,67.12
african gray parrot for adoption,0,16,0%,78.56
for sale african grey parrot,0,15,0%,54
gray parrot food,0,15,0%,58.33
where to buy african gray parrot,0,15,0%,67.87
african grey parrot female,0,15,0%,69.4
female african grey parrot,0,15,0%,70.2
african grey for sale in miami,0,15,0%,70.67
african grey buy,0,15,0%,84.6
african grey male or female,0,14,0%,30.79
african grey parrot male or female,0,14,0%,41.29
parrot pellets african grey,0,14,0%,48.21
best foods for african grey parrots,0,14,0%,54.79
what can african grey parrots eat,0,14,0%,63
diet for african grey parrots,0,14,0%,66.71
best african grey breeds for homeowners,0,14,0%,211.21
african grey parrot male vs female,0,13,0%,24.23
african gray for sale near me,0,13,0%,33.69
male african grey parrot for sale,0,13,0%,38.31
where can i get an african grey parrot,0,13,0%,43.23
pellets for african grey parrots,0,13,0%,46.85
african grey parrot,0,13,0%,49.08
african grey parrot bird for sale,0,13,0%,52.54
buy a african grey parrot,0,13,0%,55.08
african grey parrots on sale,0,13,0%,56.85
what does african grey parrot eat,0,13,0%,67.46
what do african greys eat,0,13,0%,69.62
congo african grey,0,13,0%,75.08
african grey birds price,0,13,0%,77.23
african grey eggs,0,13,0%,85.62
best african grey breeds for back sleepers,0,13,0%,241.23
best african grey breeds for engineers,0,13,0%,255.92
african grey for sale $500 in ohio,0,12,0%,1
buy african grey parrot near me,0,12,0%,9.83
do male or female african grey parrots talk better,0,12,0%,12.08
african grey parrot for sale in texas,0,12,0%,14.08
african grey parrot for sale nearby,0,12,0%,24.33
congo african gray parrot for sale,0,12,0%,41.08
best african grey food,0,12,0%,46.17
african grey bird food,0,12,0%,50.5
buy an african grey,0,12,0%,61.92
african grey parrot farm texas,0,12,0%,76.17
african gray parrot eggs,0,12,0%,89.25
fertile parrot eggs for sale,0,12,0%,89.5
fertilized parrot eggs for sale,0,12,0%,90.67
hatching parrot eggs for sale,0,12,0%,91.25
african grey parrot male female difference,0,11,0%,22.09
african grey for sale texas,0,11,0%,23
male vs female african grey parrot,0,11,0%,28.27
male vs female african grey,0,11,0%,30.45
best pellet food for african grey parrot,0,11,0%,44.55
where can you buy an african grey parrot,0,11,0%,47.36
buying african grey parrot,0,11,0%,49.55
buy a grey parrot,0,11,0%,53.45
where can i buy african grey parrot,0,11,0%,53.73
diet for african grey,0,11,0%,54.73
what is the best food for african grey parrots,0,11,0%,60
what does an african grey parrot eat,0,11,0%,68.82
pictures of male and female african grey parrots,0,11,0%,71.36
african grey parrot for sale in nc,0,11,0%,73.45
african grey for sale in texas,0,11,0%,77.45
african grey egg,0,11,0%,87.73
african grey parrots,0,11,0%,95.73
grey parrot male female difference,0,10,0%,25
african grey parrots to buy,0,10,0%,48.1
african grey parrot pellets,0,10,0%,49.6
african grey parrot for sale ny,0,10,0%,54.5
best bird food for african greys,0,10,0%,60.1
grey parrot feed,0,10,0%,61.3
african grey for sale by owner,0,10,0%,62.1
best food for african grey parrots,0,10,0%,63
african grey parrots for sale in texas,0,10,0%,70.4
female grey parrot,0,10,0%,74
african gray parrot eggs for sale,0,10,0%,76.8
african grey congo,0,10,0%,80.1
african grey eggs for sale,0,10,0%,88.2
congo african gray parrot,0,10,0%,91.2
timneh grey for sale,0,9,0%,13.11
african grey for sale wichita ks,0,9,0%,30.22
parrots for sale in california,0,9,0%,30.56
young african grey parrots for sale,0,9,0%,55.22
buy african grey parrots,0,9,0%,57.11
grey african for sale,0,9,0%,64.67
baby african grey parrot for sale,0,9,0%,69.78
gray parrot diet,0,9,0%,73.11
african gray parrot sale,0,9,0%,74.89
african grey parrot eggs for sale near me,0,9,0%,85.44
what do african grey parrots eat in the wild,0,9,0%,85.56
parrot fertile eggs for sale,0,9,0%,87.33
african grey parrot eggs,0,9,0%,88.44
timneh african grey parrot for sale,0,8,0%,15.75
for sale african gray parrot,0,8,0%,34.88
where can i buy an african grey,0,8,0%,38.5
african grey for sale mn,0,8,0%,48
food for grey parrot,0,8,0%,53.62
african greys for sale in austin texas,0,8,0%,54.62
african grey parrots food,0,8,0%,60.38
african grey female,0,8,0%,62.25
healthy diet for african grey parrot,0,8,0%,62.88
african grey parrots for sale cheap,0,8,0%,64.75
african greys for sale cheap,0,8,0%,69.25
buy african grey bird,0,8,0%,74.25
timneh parrot for sale,0,8,0%,74.25
parrot for sale african grey,0,8,0%,75.88
african grey parrots buy,0,8,0%,78.25
african grey parrot houston tx,0,8,0%,81.12
african grey parrots for sale in ohio,0,8,0%,83
baby african greys for sale,0,8,0%,84.38
parrots eggs for sale,0,8,0%,89.25
best african grey breeds for healthcare workers,0,8,0%,100.12
african grey for sale $500,0,7,0%,40.57
african grey parrot cost,0,7,0%,45.14
male or female african grey,0,7,0%,49.29
african grey parrots diet,0,7,0%,50.86
where to buy a african grey parrot,0,7,0%,55.14
red factor african grey for sale,0,7,0%,60.43
american grey parrot for sale,0,7,0%,60.57
jaco parrot for sale,0,7,0%,61.43
african grey parrot for sale cheap,0,7,0%,62.29
african grey pair,0,7,0%,66
african grey parrot what do they eat,0,7,0%,66.57
african grey parrot farm,0,7,0%,67.14
african congo grey parrot price,0,7,0%,68.43
african grey parrots breeders,0,7,0%,68.71
what should i feed my african grey parrot,0,7,0%,70.86
best food african grey,0,7,0%,74.29
red african grey parrot for sale,0,7,0%,75.29
price of gray parrot,0,7,0%,76.71
price of african grey,0,7,0%,77.43
african congo grey for sale,0,7,0%,83.43
parrots for sale in houston,0,7,0%,90.86
parrot egg for sale,0,7,0%,91.14
african gray congo,0,7,0%,94
african gray eggs for sale,0,7,0%,97.29
where to buy african grey parrot near me,0,6,0%,21.17
where to get an african grey parrot,0,6,0%,22.17
difference between male and female african grey,0,6,0%,30.67
buying an african grey parrot,0,6,0%,44.33
how many eggs do african grey parrots lay,0,6,0%,45.33
treats for african grey parrots,0,6,0%,45.33
pellets for african grey,0,6,0%,49.33
male and female african grey parrots,0,6,0%,56.5
african grey parrot food for sale,0,6,0%,57
africa grey for sale,0,6,0%,58.83
what do african parrots eat,0,6,0%,66.33
price of an african gray parrot,0,6,0%,67.17
african grey parrot eat,0,6,0%,70
african grey parrot egg,0,6,0%,71.5
african greys price,0,6,0%,74
sale african grey parrot,0,6,0%,76
parrot eggs today,0,6,0%,79.67
gray african parrot price,0,6,0%,80
african parrot eggs for sale,0,6,0%,86.5
parrot eggs for hatching,0,6,0%,87.33
what do african greys eat in the wild,0,6,0%,97.17
african grey parrot for sale africangreyparrots.store,0,6,0%,100.67
best african grey breeds for runners,0,6,0%,287.17
african parrot price,0,5,0%,1
african grey for sale rochester ny,0,5,0%,7.8
african gray parrot,0,5,0%,27.4
african grey parrot for sale chicago,0,5,0%,36.4
best african grey pellet food,0,5,0%,40.8
how many eggs do african greys lay,0,5,0%,44
african grey bird price,0,5,0%,45.2
african grey cost,0,5,0%,47.6
african grey for sale cheap,0,5,0%,49.8
african grey parrots for sale in minnesota,0,5,0%,54.2
congo african grey for sale columbus ohio,0,5,0%,54.4
african gray parrot for sale los angeles,0,5,0%,57.2
male african grey for sale,0,5,0%,61.4
what to feed an african grey parrot,0,5,0%,61.4
where can i buy an african gray parrot,0,5,0%,64
food for african grey,0,5,0%,65.6
african gray parrot price,0,5,0%,66
cheap african grey parrot for sale,0,5,0%,66.6
african grey how much,0,5,0%,66.8
african grey prices,0,5,0%,70.2
african gray eggs,0,5,0%,72.2
baby congo african grey,0,5,0%,73.8
how much african grey,0,5,0%,75.6
african grey parrot talking for sale,0,5,0%,76
buy african greys,0,5,0%,76.4
fertile parakeet eggs for sale,0,5,0%,77.6
food for african grey parrots,0,5,0%,77.8
fertilized parrot eggs for sale in usa,0,5,0%,79.6
congo african greys,0,5,0%,79.8
price of african grey parrot,0,5,0%,79.8
fertile bird eggs for sale,0,5,0%,80
male african grey parrot,0,5,0%,82.6
fertilised parrot eggs,0,5,0%,83
african grey parrot for sale san antonio,0,5,0%,84.2
parrot bird eggs,0,5,0%,85
fertile bird eggs,0,5,0%,89.8
congo parrot,0,5,0%,93.6
how much does an african grey parrot cost,0,4,0%,9.5
african grey parrot price near me,0,4,0%,13
cheapest african grey parrot price 2025,0,4,0%,19.75
african grey parrot breeders near me,0,4,0%,20.25
african grey for sale in los angeles,0,4,0%,20.75
african gray parrot cost,0,4,0%,28.75
grey pair,0,4,0%,30.75
african grey parrots near me,0,4,0%,31.25
what fruits can african greys eat,0,4,0%,41.75
what to feed african grey parrot,0,4,0%,45.25
parrot grey african for sale,0,4,0%,48.25
congo african grey parrot breeders,0,4,0%,53.5
african grey female for sale,0,4,0%,57.5
feeding african grey parrots,0,4,0%,58.75
african grey food pellets,0,4,0%,59
african grey parrot price for sale,0,4,0%,60.75
how much is an african grey,0,4,0%,61
african grey favorite food,0,4,0%,61.25
african grey breeders in usa,0,4,0%,62
african grey macaw for sale,0,4,0%,62.25
african grey parrot for sale in miami,0,4,0%,67.5
african grey congo parrot,0,4,0%,67.75
how much do african grey cost,0,4,0%,68.5
what can i feed my african grey,0,4,0%,68.5
cheapest african grey for sale,0,4,0%,68.75
grey parrot sale,0,4,0%,68.75
how much do grey african parrots cost,0,4,0%,70.5
buy gray parrot,0,4,0%,74.5
grey parrot egg,0,4,0%,75.5
grey parrot eggs,0,4,0%,76
african grey parrot purchase,0,4,0%,76.75
female african gray parrot,0,4,0%,77
african grey parrot cheap for sale,0,4,0%,77.75
best fruit for african grey parrots,0,4,0%,77.75
fertile parrot eggs for sale in usa,0,4,0%,78
african gray congo parrot,0,4,0%,79.75
buy a african grey,0,4,0%,80
toucan eggs for sale,0,4,0%,83.75
african grey male,0,4,0%,84
fertile parrot egg,0,4,0%,84.75
parrot hatching eggs,0,4,0%,85
african grey fertile eggs for sale,0,4,0%,86.25
jaco parrot price,0,4,0%,87
african grey nutrition,0,4,0%,89.5
how much do african greys cost,0,4,0%,90.25
hand reared african grey,0,4,0%,93.25
parrots eggs,0,4,0%,95.25
congo grey parrot,0,4,0%,95.5
congo african grey parrots,0,4,0%,97
best african grey breeds for newlyweds,0,4,0%,206.5
best african grey breeds for content creators,0,4,0%,207
grey parrot cost,0,3,0%,1
breeding pair of african grey parrots for sale,0,3,0%,2.33
african grey near me for sale,0,3,0%,7.33
birds that talk,0,3,0%,9
african grey,0,3,0%,10.33
african parrots for sale near me,0,3,0%,10.33
african grey birds for sale near me,0,3,0%,11.67
baby african grey parrots for sale near me,0,3,0%,12.33
african grey male and female differences,0,3,0%,15.33
where to buy african grey parrots,0,3,0%,16
african grey parrot for sale in california,0,3,0%,21
congo african grey parrot adoption cost,0,3,0%,23.33
congo parrot price,0,3,0%,29.67
best parrot food for african grey,0,3,0%,34
african greys sale,0,3,0%,35.67
african grey ohio,0,3,0%,40.67
how much is an african grey parrot,0,3,0%,45
grey parrot price,0,3,0%,47
grey african congo,0,3,0%,50.67
african gray price,0,3,0%,52
african grey parrot foods,0,3,0%,52.33
can african greys eat blueberries,0,3,0%,53.33
african grey parrot buy online,0,3,0%,57
best food for african greys,0,3,0%,58
what does a african grey parrot eat,0,3,0%,60
male and female african grey,0,3,0%,60.33
gray african parrots for sale,0,3,0%,60.67
african gray male,0,3,0%,61.33
african grey parrots cost,0,3,0%,61.67
diet for african grey parrot,0,3,0%,62.33
what do grey african parrots eat,0,3,0%,63.33
harrison's african grey pellets,0,3,0%,64
what do african grey parrots like to eat,0,3,0%,68.33
grey parrot bird for sale,0,3,0%,68.67
timneh for sale,0,3,0%,70.67
african grey cages for sale,0,3,0%,72
fertilized parrot eggs,0,3,0%,73.33
grey african parrot cost,0,3,0%,73.67
african grey parrot male,0,3,0%,74.33
cost african grey parrot,0,3,0%,74.67
african congo grey,0,3,0%,76.67
baby african grey parrots for sale,0,3,0%,77
african grey parrot in flight,0,3,0%,79.67
african grey parrot cage for sale,0,3,0%,80
albino african grey,0,3,0%,80.33
african parrots price,0,3,0%,82
parrot eggs for sale usa,0,3,0%,82
best african grey breeds for expecting parents,0,3,0%,82.33
parrot eggs,0,3,0%,82.67
parrot fertile eggs,0,3,0%,83.33
how much is a african grey parrot,0,3,0%,84.33
price for african grey parrot,0,3,0%,84.33
african grey parrot congo,0,3,0%,85.33
price african grey parrot for sale,0,3,0%,86.33
how to breed african grey parrots,0,3,0%,87.67
african grey timneh for sale,0,3,0%,92
fertile parrot eggs,0,3,0%,93.67
www male african greys com,0,3,0%,93.67
african congo parrot,0,3,0%,95.33
timneh african grey for sale,0,3,0%,96.67
african grey parrot facts,0,3,0%,97.33
african gray goose,0,3,0%,97.67
best african grey breeds for first responders,0,3,0%,211
best african grey breeds for tall people,0,3,0%,223.33
best african grey breeds for graduate students,0,3,0%,288.67
african parrot cost,0,2,0%,1
congo african grey parrot price in india,0,2,0%,1
how much do african grey parrots cost,0,2,0%,1
how much does a african grey parrot cost,0,2,0%,1
african grey breeding pairs for sale,0,2,0%,2.5
where can i buy an african grey parrot near me,0,2,0%,7
african grays,0,2,0%,7.5
african grey parrot breeder california,0,2,0%,8
aftican grey for sale,0,2,0%,9
grey parrots for sale near me,0,2,0%,11
african grey parrot price us,0,2,0%,11.5
african grey parrots for sale and rehoming,0,2,0%,11.5
vs female male full grown african grey parrot,0,2,0%,18
african grey parrot best foods,0,2,0%,19
african grey parrot price in bangladesh,0,2,0%,19
cheap african grey parrot for sale near me,0,2,0%,21.5
african grey parrot incubation period,0,2,0%,23.5
african grey craigslist,0,2,0%,36.5
african grey male for sale,0,2,0%,37
african grey price in usa,0,2,0%,38.5
african gray cost,0,2,0%,43.5
how many eggs does an african grey lay,0,2,0%,46.5
african babies for sale,0,2,0%,51
reputable african grey breeders,0,2,0%,51
buy african grey parrot baby,0,2,0%,52.5
price african grey parrot,0,2,0%,53.5
bird egg for sale,0,2,0%,54
male african gray parrot,0,2,0%,56
african grey pellet food for sale,0,2,0%,60.5
african grey feeding,0,2,0%,61
african grey parrots price,0,2,0%,62
male vs female parrots,0,2,0%,62
african grey parrot nutrition,0,2,0%,64
congo african gray,0,2,0%,65.5
grey parrot buy,0,2,0%,65.5
parrots for sale california,0,2,0%,65.5
african grey parrots for sale in florida,0,2,0%,66.5
gray parrot price,0,2,0%,67
parrot eggs fertile for sale,0,2,0%,67
casco parrot for sale,0,2,0%,71
african grey babies for sale,0,2,0%,71.5
price of african gray parrot,0,2,0%,71.5
african gray female,0,2,0%,72
african gray prices,0,2,0%,72
fertile bird eggs for sale near me,0,2,0%,72.5
loro gris africano for sale,0,2,0%,73
male african grey,0,2,0%,73
what food do african grey parrots eat,0,2,0%,73
african grey parrot african grey parrot,0,2,0%,74
parrot eggs for sale for hatching,0,2,0%,76.5
african bird for sale,0,2,0%,77
african grey parrot price in usa,0,2,0%,77
african grey parrot birds,0,2,0%,77.5
can african greys eat carrots,0,2,0%,77.5
breeding african greys,0,2,0%,78.5
grey african parrot price,0,2,0%,78.5
african grey parrot baby for sale,0,2,0%,79
african grey parrot mating,0,2,0%,79.5
lovebird eggs for sale,0,2,0%,79.5
parrotlet eggs for sale,0,2,0%,80
african grey parrot for sale nj,0,2,0%,81
how much does an african grey cost,0,2,0%,81
albino african grey parrot,0,2,0%,81.5
where to buy an african gray parrot,0,2,0%,81.5
cost of african grey parrot,0,2,0%,82
grey francolin eggs for sale,0,2,0%,83
canary eggs for sale,0,2,0%,83.5
african grey parrot how much,0,2,0%,84
black parrot for sale,0,2,0%,84
difference between male and female senegal parrots,0,2,0%,84
red african grey for sale,0,2,0%,84
how much are african greys,0,2,0%,84.5
buy parrot eggs,0,2,0%,86
parrot bird egg,0,2,0%,87
pretty bird african grey food,0,2,0%,87.5
where to buy african grey,0,2,0%,88
pet blue african grey parrot,0,2,0%,88.5
green african grey,0,2,0%,89.5
african grey parrot vitamins,0,2,0%,90
african green parrot,0,2,0%,91
grey parrot african,0,2,0%,92
african grey male female differences,0,2,0%,93.5
parrot hatching eggs for sale,0,2,0%,94
african birds for sale,0,2,0%,95
where to buy parrot eggs for hatching,0,2,0%,95.5
african congo grey parrot,0,2,0%,96
congo grey parrots,0,2,0%,96
cost of an african grey parrot,0,2,0%,96
gray parrot facts,0,2,0%,96
grey foods,0,2,0%,96
grey african parrots,0,2,0%,96.5
african grey parrots facts,0,2,0%,97.5
greys_ca,0,2,0%,116.5
best african grey breeds for freelancers,0,2,0%,206.5
african grey care guide,0,2,0%,210.5
best african grey breeds for backpackers,0,2,0%,249
african grey parrot breeding cage size,0,1,0%,1
african grey parrot for sale price,0,1,0%,1
african grey parrot gender identification,0,1,0%,1
best african grey breeds for men,0,1,0%,1
congo for sale,0,1,0%,1
cost of african grey parrot in india,0,1,0%,1
how much does an african grey parrot cost?,0,1,0%,1
how much is a parrot,0,1,0%,1
local breeders,0,1,0%,1
price african grey,0,1,0%,1
african grey price philippines,0,1,0%,2
african grey babies for sale near me,0,1,0%,3
parrot birds for sale,0,1,0%,3
african grey feeding schedule,0,1,0%,4
grey parrot consignment gallery photos,0,1,0%,4
hand raised parrots for sale,0,1,0%,4
grey african parrot for sale near me,0,1,0%,5
how much is african grey parrot,0,1,0%,5
body shape and size,0,1,0%,9
greys_ca nude,0,1,0%,9
how long do african grey parrots live,0,1,0%,10
where can i get a african grey parrot,0,1,0%,10
best african grey breeds for new dads,0,1,0%,11
صور,0,1,0%,11
a talking parrot,0,1,0%,12
which is better male or female african grey parrot,0,1,0%,12
how to tell if an african grey is male or female,0,1,0%,13
parrot for sale in california,0,1,0%,13
african grey for adoption,0,1,0%,17
african grey parrot adoption,0,1,0%,17
african grey parrot male and female difference,0,1,0%,17
african grey parrot best food types,0,1,0%,19
congo african grey parrot adoption price,0,1,0%,19
greys for sale,0,1,0%,19
how to identify male and female african grey parrot,0,1,0%,20
how to tell the sex of an african grey parrot,0,1,0%,20
grey parrot egg hatching time,0,1,0%,21
image,0,1,0%,21
african grey gender,0,1,0%,25
laat fotos zien,0,1,0%,26
arată-mi,0,1,0%,27
some grey,0,1,0%,27
african grey parrot cage setup,0,1,0%,28
african grey parrot legal in california,0,1,0%,30
baby african grey parrot for sale uk,0,1,0%,30
exotic birds for sale in california,0,1,0%,30
parrots for sale in ohio,0,1,0%,30
african grey female vs male,0,1,0%,32
how to tell gender of african grey parrot,0,1,0%,32
african grey parrot for sale glasgow,0,1,0%,33
female vs male african grey,0,1,0%,33
african gray parrot buy,0,1,0%,35
african grey eggs hatching time,0,1,0%,35
healthy food for african grey parrots,0,1,0%,35
african grey parrot chicks,0,1,0%,36
grey parrot species,0,1,0%,37
african grey for sale south africa,0,1,0%,38
african grey parrot craigslist,0,1,0%,38
california parrots for sale,0,1,0%,38
cheap african grey parrots for sale near me,0,1,0%,38
best pellets for african grey,0,1,0%,40
parrots for sale in florida,0,1,0%,40
what fruit can african greys eat,0,1,0%,40
african grey foods,0,1,0%,42
can african greys eat cheese,0,1,0%,42
african grey parrot prices,0,1,0%,44
african grey species,0,1,0%,44
hand raised african grey for sale,0,1,0%,44
grey parrot chicks for sale,0,1,0%,46
grey parrots price,0,1,0%,46
african grey parrot food recipes,0,1,0%,47
how much is an african grey parrot cost,0,1,0%,47
how expensive are african grey parrots,0,1,0%,49
african grey parrot cost price,0,1,0%,51
fruit for african grey parrots,0,1,0%,51
price of an african grey,0,1,0%,52
african gray parrot prices,0,1,0%,53
african grey nest box for sale,0,1,0%,54
training african grey,0,1,0%,54
grey congo parrot,0,1,0%,58
tame african grey parrot,0,1,0%,58
african grey for sale price,0,1,0%,60
american grey bird price,0,1,0%,60
how much does an african gray cost,0,1,0%,61
parrots for sale,0,1,0%,61
african grey parrot average price,0,1,0%,62
african grey talking training,0,1,0%,62
how much for african grey parrot,0,1,0%,62
cost of african grey,0,1,0%,63
price of grey parrot,0,1,0%,63
grey macaw for sale,0,1,0%,64
african grey parrot diet and nutrition,0,1,0%,66
african grey adoption,0,1,0%,67
diet of african grey parrot,0,1,0%,67
timneh african grey vs congo price,0,1,0%,67
african grey precio,0,1,0%,68
african grey cage for sale,0,1,0%,70
american grey parrot,0,1,0%,70
birds for sale redlands,0,1,0%,71
buy african grey parrots in usa,0,1,0%,71
how much is a baby african grey parrot,0,1,0%,71
how much does african grey cost,0,1,0%,72
parrot egg in yoruba land,0,1,0%,72
african grey parrot handbook pdf,0,1,0%,73
african for sale,0,1,0%,75
how much are african grey parrots,0,1,0%,75
jako parrot price,0,1,0%,75
what not to feed african grey parrots,0,1,0%,75
african grey parrot favorite food,0,1,0%,76
buying an african grey,0,1,0%,76
best pellets for african grey parrots,0,1,0%,77
gray african bird,0,1,0%,77
parrot for sale houston,0,1,0%,77
birds african grey,0,1,0%,78
african grey congo parrot for sale,0,1,0%,79
african grey food for sale,0,1,0%,79
grey partridge eggs,0,1,0%,79
what can african grey parrots not eat,0,1,0%,79
african grey parrot egg for sale,0,1,0%,80
pet african grey parrots,0,1,0%,80
africangrey parrot,0,1,0%,81
exotic bird eggs for hatching,0,1,0%,81
parrot grey,0,1,0%,81
how much for an african grey parrot,0,1,0%,82
red factor african grey price,0,1,0%,82
do african grey parrots eat meat,0,1,0%,83
grey pet birds,0,1,0%,83
african grey parrot where to buy,0,1,0%,84
best diet for african grey,0,1,0%,84
can african greys eat meat,0,1,0%,84
parrot eggs to hatch,0,1,0%,84
parrots grey,0,1,0%,84
talking african grey parrots,0,1,0%,84
african grey parrot centre,0,1,0%,85
bird breeders in california,0,1,0%,85
bird for sale in florida,0,1,0%,85
parrots for sale nearby,0,1,0%,85
congo gray parrot,0,1,0%,86
african grey parrot weight,0,1,0%,87
african grey weight,0,1,0%,87
african parrot green,0,1,0%,87
can african greys eat grapes,0,1,0%,87
grey parrot eggs for sale,0,1,0%,87
midland parrots,0,1,0%,87
pet african grey,0,1,0%,88
african grey parrot care,0,1,0%,89
green grey parrot,0,1,0%,89
how much are african grays,0,1,0%,89
how much is an african parrot,0,1,0%,89
loro africano for sale,0,1,0%,89
african grey parrot temperature range,0,1,0%,90
can african grey parrots eat strawberries,0,1,0%,90
parrots african grey,0,1,0%,90
small african grey,0,1,0%,90
black african grey,0,1,0%,91
how much is a gray parrot,0,1,0%,91
pet african grey parrot,0,1,0%,91
african grey parrot diet in the wild,0,1,0%,92
buy grey parrot,0,1,0%,92
how much are african grey parrot,0,1,0%,92
talking grey parrot for sale,0,1,0%,92
adopt an african grey parrot,0,1,0%,93
african grey congo bird,0,1,0%,93
african grey parrots care,0,1,0%,93
caring for an african grey parrot,0,1,0%,93
small african grey parrot,0,1,0%,93
african grey diet in the wild,0,1,0%,94
for sale african grey parrots,0,1,0%,94
how much do african gray parrots cost,0,1,0%,94
how much is an african grey bird,0,1,0%,94
africa green parrot,0,1,0%,95
african grey bird,0,1,0%,95
congo grey,0,1,0%,95
grey parrot birds,0,1,0%,95
grey parrot congo,0,1,0%,95
buy parrot eggs online,0,1,0%,96
buying parrot eggs,0,1,0%,96
african gray parrot facts,0,1,0%,97
african grey breeds,0,1,0%,97
congo grey african parrot,0,1,0%,97
exotic bird eggs for sale,0,1,0%,97
grey parrot food list,0,1,0%,97
bird food for african grey parrots,0,1,0%,98
gray parrot bird,0,1,0%,98
parrots for sale in orlando florida,0,1,0%,98
african grey parrot as pets,0,1,0%,99
breeders of african grey parrots,0,1,0%,99
grey congo,0,1,0%,99
male vs female senegal parrot,0,1,0%,99
red african grey parrot price,0,1,0%,99
where can i buy parrot eggs,0,1,0%,99
african grey for sale toronto,0,1,0%,100
congo african grey bird,0,1,0%,100
congo parrots,0,1,0%,100
grey parrot,0,1,0%,100
hatching eggs parrot,0,1,0%,100
small grey birds in florida,0,1,0%,100
best vitamins for african grey parrots,0,1,0%,103
charming african grey parrot for sale,0,1,0%,113
african grey parrot babies for sale,0,1,0%,151
best african grey breeds for truck drivers,0,1,0%,227
best african grey breeds for college students,0,1,0%,265
best african grey breeds for yoga practitioners,0,1,0%,265